"","Thema","section","aehnliche_themen"
"1","Abstimmungen","https://www.zh.ch/internet/de/service/suche.faz.cantonzh.a.html","siehe auch                                                                         Abstimmungszeitung"
"2","Abwasserentsorgung","https://www.zh.ch/internet/de/service/suche.faz.cantonzh.a.html","siehe auch                                                                         Abwasserreinigungsanlagen"
"3","Administrative Entlastung","https://www.zh.ch/internet/de/service/suche.faz.cantonzh.a.html","siehe                                                             Unternehmensentlastung"
"4","Administrativmassnahmen im Strassenverkehr","https://www.zh.ch/internet/de/service/suche.faz.cantonzh.a.html",""
"5","Adressen","https://www.zh.ch/internet/de/service/suche.faz.cantonzh.a.html","siehe                                                             Staatskalender"
"6","Agglomerationsprogramm","https://www.zh.ch/internet/de/service/suche.faz.cantonzh.a.html","siehe auch                                                 Planung Verkehr                                    Gesamtverkehrskonzept                                    Regionale Gesamtverkehrskonzepte"
"7","Agrovet-Strickhof","https://www.zh.ch/internet/de/service/suche.faz.cantonzh.a.html",""
"8","AHV-Informationen","https://www.zh.ch/internet/de/service/suche.faz.cantonzh.a.html",""
"9","Alkoholzehntel","https://www.zh.ch/internet/de/service/suche.faz.cantonzh.a.html",""
"10","Altersfragen","https://www.zh.ch/internet/de/service/suche.faz.cantonzh.a.html",""
"11","Apostille","https://www.zh.ch/internet/de/service/suche.faz.cantonzh.a.html","siehe                                                             Beglaubigungen"
"12","Arbeitnehmerschutz","https://www.zh.ch/internet/de/service/suche.faz.cantonzh.a.html",""
"13","Arbeitsbewilligung","https://www.zh.ch/internet/de/service/suche.faz.cantonzh.a.html",""
"14","Arbeitslosenversicherung","https://www.zh.ch/internet/de/service/suche.faz.cantonzh.a.html",""
"15","Arbeitsvermittlung","https://www.zh.ch/internet/de/service/suche.faz.cantonzh.a.html","siehe                                     Stelle melden / Personal finden (RAV)                                    Stellen suchen und finden"
"16","Archäologie","https://www.zh.ch/internet/de/service/suche.faz.cantonzh.a.html",""
"17","Archivwesen","https://www.zh.ch/internet/de/service/suche.faz.cantonzh.a.html",""
"18","Asylwesen","https://www.zh.ch/internet/de/service/suche.faz.cantonzh.a.html",""
"19","Aufenthaltsbewilligung","https://www.zh.ch/internet/de/service/suche.faz.cantonzh.a.html",""
"20","Au-Pair","https://www.zh.ch/internet/de/service/suche.faz.cantonzh.a.html","siehe                                     Au-Pair (EU-25)                                    Au-Pair (EU-8 / EU-2)"
"21","Ausbildungszulagen","https://www.zh.ch/internet/de/service/suche.faz.cantonzh.a.html","siehe                                     Ausbildungszuschüsse                                    Familienzulagen"
"22","Ausgleichskasse des Kantons Zürich","https://www.zh.ch/internet/de/service/suche.faz.cantonzh.a.html",""
"23","Aushebung (militärische)","https://www.zh.ch/internet/de/service/suche.faz.cantonzh.a.html","siehe                                                             Rekrutierung"
"24","Ausländerrecht - Kantonale Bewilligungspraxis","https://www.zh.ch/internet/de/service/suche.faz.cantonzh.a.html",""
"25","Ausländerstatistik","https://www.zh.ch/internet/de/service/suche.faz.cantonzh.a.html",""
"26","Aussenbeziehungen des Kantons","https://www.zh.ch/internet/de/service/suche.faz.cantonzh.a.html",""
"27","Ausweis","https://www.zh.ch/internet/de/service/suche.faz.cantonzh.a.html","siehe                                                             Pass"
"28","Autoindex","https://www.zh.ch/internet/de/service/suche.faz.cantonzh.a.html",""
"29","Baubewilligung","https://www.zh.ch/internet/de/service/suche.faz.cantonzh.b.html",""
"30","Baugesuch","https://www.zh.ch/internet/de/service/suche.faz.cantonzh.b.html","siehe auch                                                 Bodenschutz                                    Baugesuch in der Landwirschaft"
"31","Beglaubigungen","https://www.zh.ch/internet/de/service/suche.faz.cantonzh.b.html",""
"32","Behinderteneinrichtungen","https://www.zh.ch/internet/de/service/suche.faz.cantonzh.b.html","siehe                                                             Soziale Einrichtungen"
"33","Behördenschulung","https://www.zh.ch/internet/de/service/suche.faz.cantonzh.b.html",""
"34","Behördenverzeichnis","https://www.zh.ch/internet/de/service/suche.faz.cantonzh.b.html","siehe                                     Staatskalender                                    Behördenverzeichnis (Bund, Kanton, Gemeinden)"
"35","Beihilfen zur AHV/IV","https://www.zh.ch/internet/de/service/suche.faz.cantonzh.b.html","siehe                                                             Zusatzleistungen"
"36","Berufliche Vorsorge (Aufsicht)","https://www.zh.ch/internet/de/service/suche.faz.cantonzh.b.html","siehe                                                             BVG- und Stiftungsaufsicht des Kantons Zürich (BVS)"
"37","Berufsberatung","https://www.zh.ch/internet/de/service/suche.faz.cantonzh.b.html",""
"38","Berufsbildungsfonds","https://www.zh.ch/internet/de/service/suche.faz.cantonzh.b.html",""
"39","Beruf und Familie, Vereinbarkeit","https://www.zh.ch/internet/de/service/suche.faz.cantonzh.b.html","siehe                                     Vereinbarkeit von Beruf und Familie                                    Fachstelle für Gleichstellung von Frau und Mann"
"40","Beschaffungswesen","https://www.zh.ch/internet/de/service/suche.faz.cantonzh.b.html",""
"41","Beschäftigungsprogramme","https://www.zh.ch/internet/de/service/suche.faz.cantonzh.b.html","siehe auch                                                                         Integrationsmassnahmen"
"42","Betriebsökologie","https://www.zh.ch/internet/de/service/suche.faz.cantonzh.b.html",""
"43","Bevölkerung des Kantons Zürich","https://www.zh.ch/internet/de/service/suche.faz.cantonzh.b.html",""
"44","Bewährungs- und Vollzugsdienste im Justizvollzug","https://www.zh.ch/internet/de/service/suche.faz.cantonzh.b.html",""
"45","Bezirksrat","https://www.zh.ch/internet/de/service/suche.faz.cantonzh.b.html",""
"46","Bilaterale Abkommen Schweiz-EU","https://www.zh.ch/internet/de/service/suche.faz.cantonzh.b.html","siehe                                     Europafachstelle                                    Koordination Aussenbeziehungen (Staatskanzlei)                                    Mitwirkung an der Europapolitik des Bundes"
"47","Bildungsstatistik","https://www.zh.ch/internet/de/service/suche.faz.cantonzh.b.html",""
"48","Biometrischer Ausländerausweis","https://www.zh.ch/internet/de/service/suche.faz.cantonzh.b.html",""
"49","Biometrischer Pass","https://www.zh.ch/internet/de/service/suche.faz.cantonzh.b.html",""
"50","Biosicherheit","https://www.zh.ch/internet/de/service/suche.faz.cantonzh.b.html",""
"51","Bodenschutz","https://www.zh.ch/internet/de/service/suche.faz.cantonzh.b.html",""
"52","Budget des Kantons","https://www.zh.ch/internet/de/service/suche.faz.cantonzh.b.html",""
"53","BVK Personalvorsorge des Kantons Zürich","https://www.zh.ch/internet/de/service/suche.faz.cantonzh.b.html",""
"54","Abstimmungen","https://www.zh.ch/internet/de/service/suche.faz.cantonzh.c.html","siehe auch                                                                         Abstimmungszeitung"
"55","Abwasserentsorgung","https://www.zh.ch/internet/de/service/suche.faz.cantonzh.c.html","siehe auch                                                                         Abwasserreinigungsanlagen"
"56","Administrative Entlastung","https://www.zh.ch/internet/de/service/suche.faz.cantonzh.c.html","siehe                                                             Unternehmensentlastung"
"57","Administrativmassnahmen im Strassenverkehr","https://www.zh.ch/internet/de/service/suche.faz.cantonzh.c.html",""
"58","Adressen","https://www.zh.ch/internet/de/service/suche.faz.cantonzh.c.html","siehe                                                             Staatskalender"
"59","Agglomerationsprogramm","https://www.zh.ch/internet/de/service/suche.faz.cantonzh.c.html","siehe auch                                                 Planung Verkehr                                    Gesamtverkehrskonzept                                    Regionale Gesamtverkehrskonzepte"
"60","Agrovet-Strickhof","https://www.zh.ch/internet/de/service/suche.faz.cantonzh.c.html",""
"61","AHV-Informationen","https://www.zh.ch/internet/de/service/suche.faz.cantonzh.c.html",""
"62","Alkoholzehntel","https://www.zh.ch/internet/de/service/suche.faz.cantonzh.c.html",""
"63","Altersfragen","https://www.zh.ch/internet/de/service/suche.faz.cantonzh.c.html",""
"64","Apostille","https://www.zh.ch/internet/de/service/suche.faz.cantonzh.c.html","siehe                                                             Beglaubigungen"
"65","Arbeitnehmerschutz","https://www.zh.ch/internet/de/service/suche.faz.cantonzh.c.html",""
"66","Arbeitsbewilligung","https://www.zh.ch/internet/de/service/suche.faz.cantonzh.c.html",""
"67","Arbeitslosenversicherung","https://www.zh.ch/internet/de/service/suche.faz.cantonzh.c.html",""
"68","Arbeitsvermittlung","https://www.zh.ch/internet/de/service/suche.faz.cantonzh.c.html","siehe                                     Stelle melden / Personal finden (RAV)                                    Stellen suchen und finden"
"69","Archäologie","https://www.zh.ch/internet/de/service/suche.faz.cantonzh.c.html",""
"70","Archivwesen","https://www.zh.ch/internet/de/service/suche.faz.cantonzh.c.html",""
"71","Asylwesen","https://www.zh.ch/internet/de/service/suche.faz.cantonzh.c.html",""
"72","Aufenthaltsbewilligung","https://www.zh.ch/internet/de/service/suche.faz.cantonzh.c.html",""
"73","Au-Pair","https://www.zh.ch/internet/de/service/suche.faz.cantonzh.c.html","siehe                                     Au-Pair (EU-25)                                    Au-Pair (EU-8 / EU-2)"
"74","Ausbildungszulagen","https://www.zh.ch/internet/de/service/suche.faz.cantonzh.c.html","siehe                                     Ausbildungszuschüsse                                    Familienzulagen"
"75","Ausgleichskasse des Kantons Zürich","https://www.zh.ch/internet/de/service/suche.faz.cantonzh.c.html",""
"76","Aushebung (militärische)","https://www.zh.ch/internet/de/service/suche.faz.cantonzh.c.html","siehe                                                             Rekrutierung"
"77","Ausländerrecht - Kantonale Bewilligungspraxis","https://www.zh.ch/internet/de/service/suche.faz.cantonzh.c.html",""
"78","Ausländerstatistik","https://www.zh.ch/internet/de/service/suche.faz.cantonzh.c.html",""
"79","Aussenbeziehungen des Kantons","https://www.zh.ch/internet/de/service/suche.faz.cantonzh.c.html",""
"80","Ausweis","https://www.zh.ch/internet/de/service/suche.faz.cantonzh.c.html","siehe                                                             Pass"
"81","Autoindex","https://www.zh.ch/internet/de/service/suche.faz.cantonzh.c.html",""
"82","Datenschutz","https://www.zh.ch/internet/de/service/suche.faz.cantonzh.d.html",""
"83","Datentransfer","https://www.zh.ch/internet/de/service/suche.faz.cantonzh.d.html","siehe                                                             WebTransfer ZH"
"84","Denkmalpflege","https://www.zh.ch/internet/de/service/suche.faz.cantonzh.d.html",""
"85","Diskriminierung am Arbeitsplatz","https://www.zh.ch/internet/de/service/suche.faz.cantonzh.d.html","siehe                                                             Schlichtungsbehörde nach Gleichstellungsgesetz"
"86","Dolmetscher-Verzeichnis","https://www.zh.ch/internet/de/service/suche.faz.cantonzh.d.html","siehe                                                             Dolmetscherwesen"
"87","Drogeninformation","https://www.zh.ch/internet/de/service/suche.faz.cantonzh.d.html","siehe auch                                                                         Suchtprävention"
"88","Drucksachen- und Materialzentrale KDMZ","https://www.zh.ch/internet/de/service/suche.faz.cantonzh.d.html",""
"89","E-Government","https://www.zh.ch/internet/de/service/suche.faz.cantonzh.e.html","siehe auch                                                                         Zusammenarbeitsorganisation egovpartner"
"90","Ehevermittlung (Bewilligung)","https://www.zh.ch/internet/de/service/suche.faz.cantonzh.e.html",""
"91","Eichamt","https://www.zh.ch/internet/de/service/suche.faz.cantonzh.e.html",""
"92","Eidgenössische Technische Hochschule Zürich ETH","https://www.zh.ch/internet/de/service/suche.faz.cantonzh.e.html",""
"93","Einbürgerung","https://www.zh.ch/internet/de/service/suche.faz.cantonzh.e.html",""
"94","Elektrizitätswerke des Kantons Zürich EKZ","https://www.zh.ch/internet/de/service/suche.faz.cantonzh.e.html",""
"95","Elektrosmog","https://www.zh.ch/internet/de/service/suche.faz.cantonzh.e.html",""
"96","Energie","https://www.zh.ch/internet/de/service/suche.faz.cantonzh.e.html",""
"97","Energieförderung","https://www.zh.ch/internet/de/service/suche.faz.cantonzh.e.html",""
"98","Erdwärmesonden","https://www.zh.ch/internet/de/service/suche.faz.cantonzh.e.html",""
"99","Ergänzungsleistungen","https://www.zh.ch/internet/de/service/suche.faz.cantonzh.e.html","siehe                                                             Zusatzleistungen"
"100","Erwerbsersatz","https://www.zh.ch/internet/de/service/suche.faz.cantonzh.e.html",""
"101","ETH Zürich","https://www.zh.ch/internet/de/service/suche.faz.cantonzh.e.html",""
"102","Ethikkommission","https://www.zh.ch/internet/de/service/suche.faz.cantonzh.e.html",""
"103","Evangelisch-reformierte Landeskirche des Kantons Zürich","https://www.zh.ch/internet/de/service/suche.faz.cantonzh.e.html",""
"104","e-Work-Permits (Arbeitsbewilligungen)","https://www.zh.ch/internet/de/service/suche.faz.cantonzh.e.html",""
"105","Facebook","https://www.zh.ch/internet/de/service/suche.faz.cantonzh.f.html","siehe auch                                                                         Social Media"
"106","Fachhochschule Zürich","https://www.zh.ch/internet/de/service/suche.faz.cantonzh.f.html",""
"107","Fahrplan","https://www.zh.ch/internet/de/service/suche.faz.cantonzh.f.html",""
"108","Fahrzeugausweis","https://www.zh.ch/internet/de/service/suche.faz.cantonzh.f.html",""
"109","Fahrzeugprüfung","https://www.zh.ch/internet/de/service/suche.faz.cantonzh.f.html",""
"110","Familie und Beruf, Vereinbarkeit","https://www.zh.ch/internet/de/service/suche.faz.cantonzh.f.html",""
"111","Familienergänzende Kinderbetreuung","https://www.zh.ch/internet/de/service/suche.faz.cantonzh.f.html","siehe auch                                                                         Vereinbarkeit von Beruf und Familie"
"112","Familiennachzug","https://www.zh.ch/internet/de/service/suche.faz.cantonzh.f.html","siehe auch                                                 Familiennachzug (EU-8 / EU-2)                                    Familiennachzug (Drittstaaten)"
"113","Familienzulagen","https://www.zh.ch/internet/de/service/suche.faz.cantonzh.f.html",""
"114","Feiertage","https://www.zh.ch/internet/de/service/suche.faz.cantonzh.f.html","siehe auch                                                                         Feiertage kantonale Verwaltung"
"115","Ferien","https://www.zh.ch/internet/de/service/suche.faz.cantonzh.f.html","siehe                                                             Schulferien"
"116","Feuerpolizei","https://www.zh.ch/internet/de/service/suche.faz.cantonzh.f.html",""
"117","Feuerwehr","https://www.zh.ch/internet/de/service/suche.faz.cantonzh.f.html","siehe auch                                                                         Ausbildungszentrum Andelfingen"
"118","Finanzaufsicht","https://www.zh.ch/internet/de/service/suche.faz.cantonzh.f.html",""
"119","Finanzausgleich","https://www.zh.ch/internet/de/service/suche.faz.cantonzh.f.html",""
"120","Findeltiere","https://www.zh.ch/internet/de/service/suche.faz.cantonzh.f.html",""
"121","Firmengründung","https://www.zh.ch/internet/de/service/suche.faz.cantonzh.f.html","siehe auch                                                                         Gründungsplattform des Kantons Zürich"
"122","Fischerei","https://www.zh.ch/internet/de/service/suche.faz.cantonzh.f.html",""
"123","Flüchtlinge","https://www.zh.ch/internet/de/service/suche.faz.cantonzh.f.html","siehe                                                             Asylfürsorge"
"124","Flughafen Zürich","https://www.zh.ch/internet/de/service/suche.faz.cantonzh.f.html",""
"125","Fluglärm","https://www.zh.ch/internet/de/service/suche.faz.cantonzh.f.html","siehe                                                             Zürcher Fluglärm-Index ZFI"
"126","Forensisches Institut Zürich","https://www.zh.ch/internet/de/service/suche.faz.cantonzh.f.html",""
"127","Forstdienst","https://www.zh.ch/internet/de/service/suche.faz.cantonzh.f.html",""
"128","Fremdenpolizei","https://www.zh.ch/internet/de/service/suche.faz.cantonzh.f.html","siehe                                                             Migrationsamt"
"129","Führerausweis","https://www.zh.ch/internet/de/service/suche.faz.cantonzh.f.html","siehe                                                             Führerschein"
"130","Führerausweisentzug","https://www.zh.ch/internet/de/service/suche.faz.cantonzh.f.html","siehe                                     Administrativmassnahmen, Ablauf / Verfahren                                    Massnahmearten"
"131","Führerprüfung","https://www.zh.ch/internet/de/service/suche.faz.cantonzh.f.html",""
"132","Fürsorgebehörden","https://www.zh.ch/internet/de/service/suche.faz.cantonzh.f.html","siehe                                                             Asylfürsorge"
"133","Gebäudeversicherung","https://www.zh.ch/internet/de/service/suche.faz.cantonzh.g.html",""
"134","Gefängnisse Kanton Zürich","https://www.zh.ch/internet/de/service/suche.faz.cantonzh.g.html","siehe                                                             Vollzugseinrichtungen Kanton Zürich"
"135","Gemeinden (Behördenverzeichnis)","https://www.zh.ch/internet/de/service/suche.faz.cantonzh.g.html","siehe                                                             Staatskalender"
"136","Gemeindenverzeichnis","https://www.zh.ch/internet/de/service/suche.faz.cantonzh.g.html",""
"137","Gender Mainstreaming","https://www.zh.ch/internet/de/service/suche.faz.cantonzh.g.html","siehe                                                             Fachstelle für Gleichstellung von Frau und Mann"
"138","Gentechnisch veränderte Organismen (GVO)","https://www.zh.ch/internet/de/service/suche.faz.cantonzh.g.html",""
"139","Geodaten","https://www.zh.ch/internet/de/service/suche.faz.cantonzh.g.html",""
"140","Geologisches Tiefenlager","https://www.zh.ch/internet/de/service/suche.faz.cantonzh.g.html",""
"141","Gerichte","https://www.zh.ch/internet/de/service/suche.faz.cantonzh.g.html",""
"142","Geschäftsbericht","https://www.zh.ch/internet/de/service/suche.faz.cantonzh.g.html",""
"143","Geschichtsforschung","https://www.zh.ch/internet/de/service/suche.faz.cantonzh.g.html",""
"144","Gesetze","https://www.zh.ch/internet/de/service/suche.faz.cantonzh.g.html",""
"145","Gesetzgebungsdienst","https://www.zh.ch/internet/de/service/suche.faz.cantonzh.g.html",""
"146","Gesundheitsförderung","https://www.zh.ch/internet/de/service/suche.faz.cantonzh.g.html",""
"147","Gewalt an Schulen","https://www.zh.ch/internet/de/service/suche.faz.cantonzh.g.html",""
"148","Gewässer im Kanton Zürich","https://www.zh.ch/internet/de/service/suche.faz.cantonzh.g.html",""
"149","Gewerbebewilligung","https://www.zh.ch/internet/de/service/suche.faz.cantonzh.g.html",""
"150","GIS Geografisches Informationssystem","https://www.zh.ch/internet/de/service/suche.faz.cantonzh.g.html",""
"151","Gleichstellung von Frau und Mann","https://www.zh.ch/internet/de/service/suche.faz.cantonzh.g.html","siehe auch                                                                         Gleichstellungsfragen"
"152","Grenzgänger","https://www.zh.ch/internet/de/service/suche.faz.cantonzh.g.html","siehe                                     Grenzgänger (EU-8 / EU-2)                                    Grenzgänger (Drittstaaten)"
"153","Grenzüberschreitende Zusammenarbeit","https://www.zh.ch/internet/de/service/suche.faz.cantonzh.g.html",""
"154","Grossanlässe","https://www.zh.ch/internet/de/service/suche.faz.cantonzh.g.html",""
"155","Grundbuchämter","https://www.zh.ch/internet/de/service/suche.faz.cantonzh.g.html",""
"156","Grundstufe","https://www.zh.ch/internet/de/service/suche.faz.cantonzh.g.html",""
"157","Grundwasser","https://www.zh.ch/internet/de/service/suche.faz.cantonzh.g.html",""
"158","Handelsregister","https://www.zh.ch/internet/de/service/suche.faz.cantonzh.h.html",NA
"159","Harmonisierung Baubegriffe","https://www.zh.ch/internet/de/service/suche.faz.cantonzh.h.html",NA
"160","Härtefallkommission","https://www.zh.ch/internet/de/service/suche.faz.cantonzh.h.html",NA
"161","Häusliche Gewalt","https://www.zh.ch/internet/de/service/suche.faz.cantonzh.h.html",NA
"162","Historische Überlieferung","https://www.zh.ch/internet/de/service/suche.faz.cantonzh.h.html",NA
"163","Hochwasser","https://www.zh.ch/internet/de/service/suche.faz.cantonzh.h.html",NA
"164","Hundewesen","https://www.zh.ch/internet/de/service/suche.faz.cantonzh.h.html",NA
"165","Hydrogeologie","https://www.zh.ch/internet/de/service/suche.faz.cantonzh.h.html",NA
"166","Identitätskarte","https://www.zh.ch/internet/de/service/suche.faz.cantonzh.i.html","siehe                                                             Pass"
"167","Immobilienverkauf","https://www.zh.ch/internet/de/service/suche.faz.cantonzh.i.html",""
"168","Informatik","https://www.zh.ch/internet/de/service/suche.faz.cantonzh.i.html",""
"169","Initiative","https://www.zh.ch/internet/de/service/suche.faz.cantonzh.i.html","siehe                                                             Übersicht Volksinitiativen"
"170","Integration","https://www.zh.ch/internet/de/service/suche.faz.cantonzh.i.html","siehe                                     Fachstelle für Integrationsfragen                                    Integration von Sozialhilfebeziehenden"
"171","Interinstitutionelle Zusammenarbeit","https://www.zh.ch/internet/de/service/suche.faz.cantonzh.i.html",""
"172","Interkantonale Vereinbarung für soziale Einrichtungen","https://www.zh.ch/internet/de/service/suche.faz.cantonzh.i.html",""
"173","Interkantonale Zusammenarbeit","https://www.zh.ch/internet/de/service/suche.faz.cantonzh.i.html",""
"174","Internationale Schulen","https://www.zh.ch/internet/de/service/suche.faz.cantonzh.i.html","siehe auch                                                                         Privatschulen/Privatschulliste"
"175","Internationale Zusammenarbeit","https://www.zh.ch/internet/de/service/suche.faz.cantonzh.i.html","siehe                                     Ausländische Partnerschaften                                    Mitwirkung an der Aussenpolitik des Bundes"
"176","Invalideneinrichtungen","https://www.zh.ch/internet/de/service/suche.faz.cantonzh.i.html",""
"177","Invalidenversicherung","https://www.zh.ch/internet/de/service/suche.faz.cantonzh.i.html",""
"178","Investitionshilfe (Wirtschaftsförderung)","https://www.zh.ch/internet/de/service/suche.faz.cantonzh.i.html","siehe                                                             Standortförderung"
"179","IPSAS","https://www.zh.ch/internet/de/service/suche.faz.cantonzh.i.html",""
"180","Jagd","https://www.zh.ch/internet/de/service/suche.faz.cantonzh.j.html",""
"181","Jobs in der Kantonalen Verwaltung","https://www.zh.ch/internet/de/service/suche.faz.cantonzh.j.html",""
"182","Jugend und Sport","https://www.zh.ch/internet/de/service/suche.faz.cantonzh.j.html",""
"183","Jugendanwaltschaften","https://www.zh.ch/internet/de/service/suche.faz.cantonzh.j.html",""
"184","Jugendgewalt","https://www.zh.ch/internet/de/service/suche.faz.cantonzh.j.html","siehe auch                                                                         Gewaltprävention"
"185","Jugendhilfe","https://www.zh.ch/internet/de/service/suche.faz.cantonzh.j.html",""
"186","Jungensekretariate der Bezirke","https://www.zh.ch/internet/de/service/suche.faz.cantonzh.j.html",""
"187","Jugendsportcamps","https://www.zh.ch/internet/de/service/suche.faz.cantonzh.j.html",""
"188","Justizvollzug","https://www.zh.ch/internet/de/service/suche.faz.cantonzh.j.html",""
"189","Kantonaler Richtplan","https://www.zh.ch/internet/de/service/suche.faz.cantonzh.k.html",""
"190","Kantonspolizei","https://www.zh.ch/internet/de/service/suche.faz.cantonzh.k.html","siehe auch                                                 Kriminalpolizei                                    Seepolizei"
"191","Kantonsrat","https://www.zh.ch/internet/de/service/suche.faz.cantonzh.k.html",""
"192","Kantonsschulen (Verzeichnis)","https://www.zh.ch/internet/de/service/suche.faz.cantonzh.k.html",""
"193","Kantonsspital Winterthur","https://www.zh.ch/internet/de/service/suche.faz.cantonzh.k.html",""
"194","Karten","https://www.zh.ch/internet/de/service/suche.faz.cantonzh.k.html","siehe auch                                                                         GIS Geografisches Informationssystem"
"195","KDMZ","https://www.zh.ch/internet/de/service/suche.faz.cantonzh.k.html","siehe                                                             Drucksachen- und Materialzentrale"
"196","Kerenzerberg","https://www.zh.ch/internet/de/service/suche.faz.cantonzh.k.html",""
"197","Kinder- und Jugendpsychiatrie und Psychotherapie (KJPP)","https://www.zh.ch/internet/de/service/suche.faz.cantonzh.k.html","siehe                                                             Psychiatrische Universitätsklinik Zürich"
"198","Kinderbetreuung","https://www.zh.ch/internet/de/service/suche.faz.cantonzh.k.html",""
"199","Kindergarten","https://www.zh.ch/internet/de/service/suche.faz.cantonzh.k.html",""
"200","Kinderzulagen","https://www.zh.ch/internet/de/service/suche.faz.cantonzh.k.html",""
"201","KMU Kleine und mittlere Unternehmen","https://www.zh.ch/internet/de/service/suche.faz.cantonzh.k.html","siehe                                     Unternehmensentlastung                                    Standortförderung"
"202","Konkursämter","https://www.zh.ch/internet/de/service/suche.faz.cantonzh.k.html",""
"203","Konsolidierter Entwicklungs- und Finanzplan des Kantons Zürich (KEF)","https://www.zh.ch/internet/de/service/suche.faz.cantonzh.k.html",""
"204","Kontrollschild","https://www.zh.ch/internet/de/service/suche.faz.cantonzh.k.html",""
"205","Krankentransport- und Rettungsunternehmen","https://www.zh.ch/internet/de/service/suche.faz.cantonzh.k.html",""
"206","Krankenversicherung","https://www.zh.ch/internet/de/service/suche.faz.cantonzh.k.html",""
"207","Kulturförderung","https://www.zh.ch/internet/de/service/suche.faz.cantonzh.k.html",""
"208","Kunstsammlung","https://www.zh.ch/internet/de/service/suche.faz.cantonzh.k.html",""
"209","Kurzarbeit","https://www.zh.ch/internet/de/service/suche.faz.cantonzh.k.html",""
"210","Kurzaufenthalter","https://www.zh.ch/internet/de/service/suche.faz.cantonzh.k.html","siehe                                     Dauer- & Kurzaufenthalter (EU-8 / EU-2)                                    Kurzaufenthalter (Drittstaaten)"
"211","Landesversorgung","https://www.zh.ch/internet/de/service/suche.faz.cantonzh.l.html",""
"212","Landschaftsschutz","https://www.zh.ch/internet/de/service/suche.faz.cantonzh.l.html",""
"213","Landwirtschaft","https://www.zh.ch/internet/de/service/suche.faz.cantonzh.l.html",""
"214","Lärmschutz","https://www.zh.ch/internet/de/service/suche.faz.cantonzh.l.html",""
"215","Legislaturziele","https://www.zh.ch/internet/de/service/suche.faz.cantonzh.l.html",""
"216","Lehrberufe bei der kantonalen Verwaltung","https://www.zh.ch/internet/de/service/suche.faz.cantonzh.l.html",""
"217","Lehre","https://www.zh.ch/internet/de/service/suche.faz.cantonzh.l.html","siehe                                     Lehre bei der kantonalen Verwaltung                                    Lehrstellennachweis Lena"
"218","Lehrplan","https://www.zh.ch/internet/de/service/suche.faz.cantonzh.l.html","siehe auch                                                                         Lehrplan 21"
"219","Lehrstellen","https://www.zh.ch/internet/de/service/suche.faz.cantonzh.l.html","siehe                                     Lehrstellen bei der kantonalen Verwaltung                                    Lena Lehrstellennachweis"
"220","Leichter Leben","https://www.zh.ch/internet/de/service/suche.faz.cantonzh.l.html",""
"221","Lernende bei der kantonalen Verwaltung","https://www.zh.ch/internet/de/service/suche.faz.cantonzh.l.html",""
"222","Lernfahrausweis","https://www.zh.ch/internet/de/service/suche.faz.cantonzh.l.html",""
"223","Logos Kanton Zürich","https://www.zh.ch/internet/de/service/suche.faz.cantonzh.l.html",""
"224","Lohnreglement","https://www.zh.ch/internet/de/service/suche.faz.cantonzh.l.html",""
"225","Lohntabelle","https://www.zh.ch/internet/de/service/suche.faz.cantonzh.l.html","siehe auch                                                                         Lohnbuch"
"226","Lotteriefonds","https://www.zh.ch/internet/de/service/suche.faz.cantonzh.l.html",""
"227","Lotteriespielsucht","https://www.zh.ch/internet/de/service/suche.faz.cantonzh.l.html",""
"228","Luftqualität","https://www.zh.ch/internet/de/service/suche.faz.cantonzh.l.html",""
"229","Luftverkehr","https://www.zh.ch/internet/de/service/suche.faz.cantonzh.l.html","siehe                                                             Flughafenpolitik"
"230","Metropolitanraum","https://www.zh.ch/internet/de/service/suche.faz.cantonzh.m.html","siehe auch                                                                         Metropolitankonferenz"
"231","Migration","https://www.zh.ch/internet/de/service/suche.faz.cantonzh.m.html","siehe auch                                                                         Einreise"
"232","Militär","https://www.zh.ch/internet/de/service/suche.faz.cantonzh.m.html",""
"233","Minergie","https://www.zh.ch/internet/de/service/suche.faz.cantonzh.m.html",""
"234","Mittelschulen","https://www.zh.ch/internet/de/service/suche.faz.cantonzh.m.html",""
"235","Mofaprüfung","https://www.zh.ch/internet/de/service/suche.faz.cantonzh.m.html",""
"236","Motorfahrzeugkontrolle","https://www.zh.ch/internet/de/service/suche.faz.cantonzh.m.html","siehe auch                                                                         Fahrzeugprüfung"
"237","Nachhaltige Entwicklung","https://www.zh.ch/internet/de/service/suche.faz.cantonzh.n.html",""
"238","Namensänderung","https://www.zh.ch/internet/de/service/suche.faz.cantonzh.n.html",""
"239","Nationalstrassenunterhalt","https://www.zh.ch/internet/de/service/suche.faz.cantonzh.n.html",""
"240","Naturschutz","https://www.zh.ch/internet/de/service/suche.faz.cantonzh.n.html",""
"241","Neuzuzüger","https://www.zh.ch/internet/de/service/suche.faz.cantonzh.n.html",""
"242","Nichtionisierende Strahlung","https://www.zh.ch/internet/de/service/suche.faz.cantonzh.n.html","siehe                                                             Elektrosmog"
"243","Niederlassungsbewilligung","https://www.zh.ch/internet/de/service/suche.faz.cantonzh.n.html",""
"244","Notariate","https://www.zh.ch/internet/de/service/suche.faz.cantonzh.n.html",""
"245","Nutzungsplanung","https://www.zh.ch/internet/de/service/suche.faz.cantonzh.n.html",""
"246","Offene Stellen","https://www.zh.ch/internet/de/service/suche.faz.cantonzh.o.html",""
"247","Öffentliches Beschaffungswesen","https://www.zh.ch/internet/de/service/suche.faz.cantonzh.o.html",""
"248","Öffentlicher Verkehr","https://www.zh.ch/internet/de/service/suche.faz.cantonzh.o.html","siehe auch                                                                         ZVV"
"249","Öffentlichkeitsprinzip","https://www.zh.ch/internet/de/service/suche.faz.cantonzh.o.html",""
"250","Oldtimer","https://www.zh.ch/internet/de/service/suche.faz.cantonzh.o.html",""
"251","Ombudsmann","https://www.zh.ch/internet/de/service/suche.faz.cantonzh.o.html",""
"252","Online-Angebote","https://www.zh.ch/internet/de/service/suche.faz.cantonzh.o.html","siehe auch                                                                         E-Government"
"253","Opferhilfe","https://www.zh.ch/internet/de/service/suche.faz.cantonzh.o.html",""
"254","Organigramm","https://www.zh.ch/internet/de/service/suche.faz.cantonzh.o.html",""
"255","Organisation","https://www.zh.ch/internet/de/service/suche.faz.cantonzh.o.html","siehe                                     Organigramm kantonale Verwaltung                                    Staatskalender"
"256","Ortsbildschutz","https://www.zh.ch/internet/de/service/suche.faz.cantonzh.o.html",""
"257","Ortsplan","https://www.zh.ch/internet/de/service/suche.faz.cantonzh.o.html",""
"258","Partnerschaftsvermittlung (Bewilligung)","https://www.zh.ch/internet/de/service/suche.faz.cantonzh.p.html","siehe                                                             Ehevermittlung (Bewilligung)"
"259","Pass","https://www.zh.ch/internet/de/service/suche.faz.cantonzh.p.html",""
"260","Pflegefinanzierung","https://www.zh.ch/internet/de/service/suche.faz.cantonzh.p.html",""
"261","Polizei","https://www.zh.ch/internet/de/service/suche.faz.cantonzh.p.html","siehe                                                             Kantonspolizei"
"262","Prämienverbilligung (Krankenkassen)","https://www.zh.ch/internet/de/service/suche.faz.cantonzh.p.html","siehe auch                                                                         Sozialversicherungsanstalt des Kantons Zürich"
"263","Private Tax","https://www.zh.ch/internet/de/service/suche.faz.cantonzh.p.html",""
"264","Privatschulen und Privatunterricht","https://www.zh.ch/internet/de/service/suche.faz.cantonzh.p.html",""
"265","Provisorischer Pass","https://www.zh.ch/internet/de/service/suche.faz.cantonzh.p.html",""
"266","Psychiatrische Universitätsklinik","https://www.zh.ch/internet/de/service/suche.faz.cantonzh.p.html",""
"267","Psychiatrisch-Psychologischer Dienst im Justizvollzug","https://www.zh.ch/internet/de/service/suche.faz.cantonzh.p.html",""
"268","Public Corporate Governance","https://www.zh.ch/internet/de/service/suche.faz.cantonzh.p.html",""
"269","Quellensteuer","https://www.zh.ch/internet/de/service/suche.faz.cantonzh.q.html",NA
"270","Quellwasser","https://www.zh.ch/internet/de/service/suche.faz.cantonzh.q.html",NA
"271","QUIMS (Qualität in multikulturellen Schulen)","https://www.zh.ch/internet/de/service/suche.faz.cantonzh.q.html",NA
"272","Rathaus","https://www.zh.ch/internet/de/service/suche.faz.cantonzh.r.html",""
"273","Rauchverbot","https://www.zh.ch/internet/de/service/suche.faz.cantonzh.r.html",""
"274","Raumplanung","https://www.zh.ch/internet/de/service/suche.faz.cantonzh.r.html",""
"275","RAV Regionale Arbeitsvermittlungszentren","https://www.zh.ch/internet/de/service/suche.faz.cantonzh.r.html",""
"276","Rechnung - Staatsrechnung des Kantons Zürich","https://www.zh.ch/internet/de/service/suche.faz.cantonzh.r.html",""
"277","Referendum","https://www.zh.ch/internet/de/service/suche.faz.cantonzh.r.html",""
"278","Regierungskonferenzen (interkantonale)","https://www.zh.ch/internet/de/service/suche.faz.cantonzh.r.html","siehe                                     Regionale Regierungskonferenzen                                    Konferenz der Kantonsregierungen (KdK)"
"279","Regionaler Richtplan","https://www.zh.ch/internet/de/service/suche.faz.cantonzh.r.html",""
"280","Reisepass","https://www.zh.ch/internet/de/service/suche.faz.cantonzh.r.html","siehe                                                             Pass"
"281","Revision","https://www.zh.ch/internet/de/service/suche.faz.cantonzh.r.html",""
"282","Römisch-Katholische Körperschaft","https://www.zh.ch/internet/de/service/suche.faz.cantonzh.r.html",""
"283","Rückkehrberatung","https://www.zh.ch/internet/de/service/suche.faz.cantonzh.r.html",""
"284","Sachplan Infrastruktur Luftfahrt (SIL)","https://www.zh.ch/internet/de/service/suche.faz.cantonzh.s.html",""
"285","Schlichtungsbehörde (Gleichstellungsgesetz)","https://www.zh.ch/internet/de/service/suche.faz.cantonzh.s.html","siehe auch                                                                         Gleichstellung von Frau und Mann"
"286","Schulferien","https://www.zh.ch/internet/de/service/suche.faz.cantonzh.s.html",""
"287","Schulhausbauten","https://www.zh.ch/internet/de/service/suche.faz.cantonzh.s.html",""
"288","Schweizer Pass","https://www.zh.ch/internet/de/service/suche.faz.cantonzh.s.html","siehe                                                             Pass"
"289","Senioren","https://www.zh.ch/internet/de/service/suche.faz.cantonzh.s.html",""
"290","SKOS-Richtlinien","https://www.zh.ch/internet/de/service/suche.faz.cantonzh.s.html","siehe auch                                                                         Sozialhilfe-Behördenhandbuch"
"291","Social Media","https://www.zh.ch/internet/de/service/suche.faz.cantonzh.s.html",""
"292","Sonderpädagogik","https://www.zh.ch/internet/de/service/suche.faz.cantonzh.s.html",""
"293","Sonderschulen","https://www.zh.ch/internet/de/service/suche.faz.cantonzh.s.html","siehe                                                             Sonderschulung"
"294","Sozialbehörde","https://www.zh.ch/internet/de/service/suche.faz.cantonzh.s.html","siehe                                                             Öffentliche Sozialhilfe"
"295","Soziale Einrichtungen","https://www.zh.ch/internet/de/service/suche.faz.cantonzh.s.html","siehe                                                             Öffentliche Sozialhilfe"
"296","Sozialhilfe","https://www.zh.ch/internet/de/service/suche.faz.cantonzh.s.html","siehe                                                             Öffentliche Sozialhilfe"
"297","Sozialversicherungen","https://www.zh.ch/internet/de/service/suche.faz.cantonzh.s.html","siehe                                                             SVA Zürich"
"298","Spitäler","https://www.zh.ch/internet/de/service/suche.faz.cantonzh.s.html",""
"299","Sport","https://www.zh.ch/internet/de/service/suche.faz.cantonzh.s.html","siehe                                     Sportamt                                    Sportzentrum Kerenzerberg"
"300","Sportanlagen","https://www.zh.ch/internet/de/service/suche.faz.cantonzh.s.html",""
"301","Sportfonds","https://www.zh.ch/internet/de/service/suche.faz.cantonzh.s.html",""
"302","Sportförderung","https://www.zh.ch/internet/de/service/suche.faz.cantonzh.s.html",""
"303","Staatsanwaltschaften","https://www.zh.ch/internet/de/service/suche.faz.cantonzh.s.html",""
"304","Staatskalender","https://www.zh.ch/internet/de/service/suche.faz.cantonzh.s.html",""
"305","Staatsrechnung des Kantons Zürich","https://www.zh.ch/internet/de/service/suche.faz.cantonzh.s.html","siehe                                     Finanzverwaltung - Staatsrechnung                                    Finanzkontrolle"
"306","Staatssiegel","https://www.zh.ch/internet/de/service/suche.faz.cantonzh.s.html",""
"307","Standortförderung","https://www.zh.ch/internet/de/service/suche.faz.cantonzh.s.html",""
"308","Statistik","https://www.zh.ch/internet/de/service/suche.faz.cantonzh.s.html","siehe auch                                                                         Bildungsstatistik"
"309","Statthalter","https://www.zh.ch/internet/de/service/suche.faz.cantonzh.s.html",""
"310","Stellenbörse der kantonalen Verwaltung","https://www.zh.ch/internet/de/service/suche.faz.cantonzh.s.html","siehe auch                                                                         Stellenbörse Lehrpersonen"
"311","Steuerberechnung","https://www.zh.ch/internet/de/service/suche.faz.cantonzh.s.html",""
"312","Steuererklärung","https://www.zh.ch/internet/de/service/suche.faz.cantonzh.s.html","siehe auch                                                 Steuererklärungs-Software Private Tax                                    Online-Steuererklärung"
"313","Steuerfüsse","https://www.zh.ch/internet/de/service/suche.faz.cantonzh.s.html",""
"314","Steuern","https://www.zh.ch/internet/de/service/suche.faz.cantonzh.s.html","siehe auch                                                 Direkte Bundessteuer                                    Berechnung Direkte Bundessteuer"
"315","Stiftungsaufsicht","https://www.zh.ch/internet/de/service/suche.faz.cantonzh.s.html",""
"316","Stipendien","https://www.zh.ch/internet/de/service/suche.faz.cantonzh.s.html",""
"317","Strafverfolgungsbehörden","https://www.zh.ch/internet/de/service/suche.faz.cantonzh.s.html","siehe auch                                                                         Jugendstrafrechtspflege"
"318","Strafvollzug","https://www.zh.ch/internet/de/service/suche.faz.cantonzh.s.html",""
"319","Submissionsverfahren","https://www.zh.ch/internet/de/service/suche.faz.cantonzh.s.html","siehe                                                             Öffentliches Beschaffungswesen"
"320","Suchtprävention","https://www.zh.ch/internet/de/service/suche.faz.cantonzh.s.html",""
"321","Tierschutz und Tierhaltung","https://www.zh.ch/internet/de/service/suche.faz.cantonzh.t.html",""
"322","Tourismus","https://www.zh.ch/internet/de/service/suche.faz.cantonzh.t.html","siehe                                                             Zürich Tourismus"
"323","Trinkwasser","https://www.zh.ch/internet/de/service/suche.faz.cantonzh.t.html",""
"324","Trockenheit","https://www.zh.ch/internet/de/service/suche.faz.cantonzh.t.html",""
"325","Twitter","https://www.zh.ch/internet/de/service/suche.faz.cantonzh.t.html","siehe auch                                                                         Social Media"
"326","Umweltschutz","https://www.zh.ch/internet/de/service/suche.faz.cantonzh.u.html",NA
"327","Umzug","https://www.zh.ch/internet/de/service/suche.faz.cantonzh.u.html",NA
"328","Universität Zürich","https://www.zh.ch/internet/de/service/suche.faz.cantonzh.u.html",NA
"329","Universitätsspital Zürich","https://www.zh.ch/internet/de/service/suche.faz.cantonzh.u.html",NA
"330","Unternehmungsgründung","https://www.zh.ch/internet/de/service/suche.faz.cantonzh.u.html",NA
"331","Velo","https://www.zh.ch/internet/de/service/suche.faz.cantonzh.v.html",""
"332","Veranstaltungen und Repräsentation","https://www.zh.ch/internet/de/service/suche.faz.cantonzh.v.html",""
"333","Vereinbarkeit von Berufs- und Privatleben","https://www.zh.ch/internet/de/service/suche.faz.cantonzh.v.html",""
"334","Verkehr","https://www.zh.ch/internet/de/service/suche.faz.cantonzh.v.html","siehe auch                                                 Planung Verkehr                                    ZVV Zürcher Verkehrsverbund                                    Strassen und Verkehrswege                                    Veloverkehr                                    Güterverkehr                                    Luftverkehr"
"335","Verkehrsabgaben","https://www.zh.ch/internet/de/service/suche.faz.cantonzh.v.html",""
"336","Vermessung","https://www.zh.ch/internet/de/service/suche.faz.cantonzh.v.html",""
"337","Vernehmlassungen","https://www.zh.ch/internet/de/service/suche.faz.cantonzh.v.html",""
"338","Versicherungsdienste des Kantons Zürich","https://www.zh.ch/internet/de/service/suche.faz.cantonzh.v.html",""
"339","Verzeichnis Gemeinden Kanton Zürich","https://www.zh.ch/internet/de/service/suche.faz.cantonzh.v.html",""
"340","Verzeichnis Behörden (Bund, Kanton, Gemeinden)","https://www.zh.ch/internet/de/service/suche.faz.cantonzh.v.html",""
"341","Verzeichnis Gemeinden Schweiz","https://www.zh.ch/internet/de/service/suche.faz.cantonzh.v.html",""
"342","Visa","https://www.zh.ch/internet/de/service/suche.faz.cantonzh.v.html",""
"343","Volksabstimmung","https://www.zh.ch/internet/de/service/suche.faz.cantonzh.v.html",""
"344","Volkshochschule des Kantons Zürich","https://www.zh.ch/internet/de/service/suche.faz.cantonzh.v.html",""
"345","Volksinitiative","https://www.zh.ch/internet/de/service/suche.faz.cantonzh.v.html",""
"346","Volksschule","https://www.zh.ch/internet/de/service/suche.faz.cantonzh.v.html",""
"347","Vollzugseinrichtungen Kanton Zürich","https://www.zh.ch/internet/de/service/suche.faz.cantonzh.v.html",""
"348","Voranschlag des Kantons","https://www.zh.ch/internet/de/service/suche.faz.cantonzh.v.html",""
"349","Waffen (Deponierung)","https://www.zh.ch/internet/de/service/suche.faz.cantonzh.w.html",""
"350","Wahlen","https://www.zh.ch/internet/de/service/suche.faz.cantonzh.w.html",""
"351","Wald","https://www.zh.ch/internet/de/service/suche.faz.cantonzh.w.html",""
"352","Wanderwege","https://www.zh.ch/internet/de/service/suche.faz.cantonzh.w.html",""
"353","Wasserversorgung","https://www.zh.ch/internet/de/service/suche.faz.cantonzh.w.html",""
"354","Wasserwirtschaft","https://www.zh.ch/internet/de/service/suche.faz.cantonzh.w.html",""
"355","WebTransfer ZH","https://www.zh.ch/internet/de/service/suche.faz.cantonzh.w.html",""
"356","Wehrpflichtersatz","https://www.zh.ch/internet/de/service/suche.faz.cantonzh.w.html",""
"357","Weiterbildung","https://www.zh.ch/internet/de/service/suche.faz.cantonzh.w.html","siehe                                     EB Zürich                                    Universität Zürich                                    KV Zürich Business School                                    ETH Zürich"
"358","Weiterbildung Schulwesen","https://www.zh.ch/internet/de/service/suche.faz.cantonzh.w.html","siehe                                     Aus- und Weiterbildung                                    Lehrpersonen                                    Schulleitungen                                    Schulbehörden"
"359","Wettbewerbe (Hochbau)","https://www.zh.ch/internet/de/service/suche.faz.cantonzh.w.html",""
"360","Wirtschaftliche Hilfe","https://www.zh.ch/internet/de/service/suche.faz.cantonzh.w.html","siehe                                                             Öffentliche Sozialhilfe"
"361","Wirtschaftsförderung","https://www.zh.ch/internet/de/service/suche.faz.cantonzh.w.html","siehe                                                             Standortförderung"
"362","Wohnbauförderung","https://www.zh.ch/internet/de/service/suche.faz.cantonzh.w.html",""
"363","Workpermit","https://www.zh.ch/internet/de/service/suche.faz.cantonzh.w.html","siehe                                                             e-Work-Permits"
"364","Zahnprävention","https://www.zh.ch/internet/de/service/suche.faz.cantonzh.xyz.html",""
"365","Zentralbibliothek Zürich","https://www.zh.ch/internet/de/service/suche.faz.cantonzh.xyz.html",""
"366","Zeughaus","https://www.zh.ch/internet/de/service/suche.faz.cantonzh.xyz.html",""
"367","Zivilschutz","https://www.zh.ch/internet/de/service/suche.faz.cantonzh.xyz.html",""
"368","Zivilstandswesen","https://www.zh.ch/internet/de/service/suche.faz.cantonzh.xyz.html",""
"369","Zürcher Fluglärmindex (ZFI)","https://www.zh.ch/internet/de/service/suche.faz.cantonzh.xyz.html",""
"370","Zusatzleistungen","https://www.zh.ch/internet/de/service/suche.faz.cantonzh.xyz.html","siehe                                                             Zusatzleistungen zur AHV/IV"
"371","Zuschüsse zu Ergänzungsleistung","https://www.zh.ch/internet/de/service/suche.faz.cantonzh.xyz.html","siehe                                                             Zusatzleistungen zur AHV/IV"
